{"cameraMode":{"drawMode":0,"name":"Shaded","section":"Shading Mode"},"sceneLighting":false,"audioPlay":false,"sceneViewState":{"showFog":true,"showMaterialUpdate":false,"showSkybox":false,"showFlares":true,"showImageEffects":true,"showParticleSystems":true},"in2DMode":false,"pivot":{"x":-154.31295776367188,"y":824.5621948242188,"z":-3.785984754562378},"rotation":{"x":-0.015211516991257668,"y":0.9537306427955627,"z":0.2962677776813507,"w":0.04897088184952736},"size":400.0028076171875,"orthographic":false}