{"cameraMode":{"drawMode":0,"name":"Shaded","section":"Shading Mode"},"sceneLighting":true,"audioPlay":false,"sceneViewState":{"showFog":true,"showMaterialUpdate":false,"showSkybox":true,"showFlares":true,"showImageEffects":true,"showParticleSystems":true},"in2DMode":false,"pivot":{"x":64.40000915527344,"y":687.4749755859375,"z":0.0},"rotation":{"x":0.010763666592538357,"y":-0.9455732107162476,"z":0.031518932431936267,"w":0.3238743245601654},"size":174.4071044921875,"orthographic":true}